{"chunk_definitions":[{"chunk_id":"csetup_chunk","chunk_label":"setup","document_id":"5C3AB1EF","expansion_state":0,"options":{"engine":"r","include":false,"label":"setup"},"row":13,"row_count":1,"visible":true},{"chunk_id":"ckhct4y0jdaop","chunk_label":"unnamed-chunk-1","document_id":"5C3AB1EF","expansion_state":0,"options":{"engine":"r","label":"unnamed-chunk-2"},"row":71,"row_count":1,"visible":true},{"chunk_id":"cawartw8qbd0b","chunk_label":"unnamed-chunk-2","document_id":"5C3AB1EF","expansion_state":1,"options":{"engine":"r","label":"unnamed-chunk-3"},"row":87,"row_count":1,"visible":true},{"chunk_id":"ce81twjj1hh8p","chunk_label":"unnamed-chunk-3","document_id":"5C3AB1EF","expansion_state":0,"options":{"engine":"r","label":"unnamed-chunk-14"},"row":99,"row_count":1,"visible":true},{"chunk_id":"c6pi7o5d23ovu","chunk_label":"unnamed-chunk-4","document_id":"5C3AB1EF","expansion_state":0,"options":{"engine":"r","label":"unnamed-chunk-5"},"row":114,"row_count":1,"visible":true},{"chunk_id":"c4uksgucosusr","chunk_label":"unnamed-chunk-5","document_id":"5C3AB1EF","expansion_state":1,"options":{"engine":"r","label":"unnamed-chunk-6"},"row":127,"row_count":1,"visible":true},{"chunk_id":"cu9nokxkfipk0","chunk_label":"unnamed-chunk-6","document_id":"5C3AB1EF","expansion_state":1,"options":{"engine":"r","label":"unnamed-chunk-13","rows.print":1000},"row":150,"row_count":1,"visible":true},{"chunk_id":"csmnrfsdwz9v5","chunk_label":"unnamed-chunk-7","document_id":"5C3AB1EF","expansion_state":0,"options":{"engine":"r","label":"unnamed-chunk-16"},"row":164,"row_count":1,"visible":true},{"chunk_id":"cp500gzubcneo","chunk_label":"unnamed-chunk-8","document_id":"5C3AB1EF","expansion_state":1,"options":{"engine":"r","label":"unnamed-chunk-20","rows.print":1000},"row":178,"row_count":1,"visible":true},{"chunk_id":"c1tq7nzzrwrfu","chunk_label":"unnamed-chunk-10","document_id":"5C3AB1EF","expansion_state":1,"options":{"engine":"r","label":"unnamed-chunk-28","rows.print":1000},"row":208,"row_count":1,"visible":true},{"chunk_id":"cj00qcee20eut","chunk_label":"unnamed-chunk-11","document_id":"5C3AB1EF","expansion_state":1,"options":{"engine":"r","label":"unnamed-chunk-30","rows.print":1000},"row":222,"row_count":1,"visible":true},{"chunk_id":"c33rp6ojd0ak9","chunk_label":"unnamed-chunk-12","document_id":"5C3AB1EF","expansion_state":0,"options":{"engine":"r","label":"unnamed-chunk-39"},"row":231,"row_count":1,"visible":true},{"chunk_id":"cq9asae8y4ty9","chunk_label":"unnamed-chunk-13","document_id":"5C3AB1EF","expansion_state":0,"options":{"engine":"r","label":"unnamed-chunk-40"},"row":241,"row_count":1,"visible":true}],"doc_write_time":1569342795}